period_um,A_um,t_oxide_um,oxide_dispersion,theta_deg,phi_sim_deg,harmonics,slices,beta_deg,lambda_min_um,lambda_max_um,n_lambda,sample,theta_exp_deg,phi_exp_deg,exp_files,n_overlap,R_N,R_chi2_red,R_RMSE,R_MAE,R_max_abs,R_pearson_r,R_mean_sigma,Rdet_N,Rdet_chi2_red,Rdet_RMSE,Rdet_MAE,Rdet_max_abs,Rdet_pearson_r,Rdet_mean_sigma,runtime_s,sim_csv
12.9,1.5,0.0,HS_caliente,30.0,89.0,39,50,1.0,3.0,24.75,88,12-3,30,0,12-3_30_0_1.CSV;12-3_30_0_2.CSV;12-3_30_0_3.CSV,88,88,911.4973624092653,0.30191014597215265,0.24277440842741385,0.6426061807056372,0.7285265554469056,0.009999999999999998,88,205.4057972294833,0.14331985111263665,0.12950694491011722,0.2920885097818597,0.9339840032807487,0.009999999999999998,624.9174618721008,sweep/runs/stage1_universals/traces/P12.900_A1.500_tox0.000_HS_caliente_th30_phi89_NA39_b1.0/AVG_P12.900_A1.500_tox0.000_HS_caliente_th30_phi89_NA39_b1.0.csv
12.9,1.5,0.0,HS_caliente,30.0,89.0,39,50,2.0,3.0,24.75,88,12-3,30,0,12-3_30_0_1.CSV;12-3_30_0_2.CSV;12-3_30_0_3.CSV,88,88,911.4973624092653,0.30191014597215265,0.24277440842741385,0.6426061807056372,0.7285265554469056,0.009999999999999998,88,205.4057972294833,0.14331985111263665,0.12950694491011722,0.2920885097818597,0.9339840032807487,0.009999999999999998,626.2138500213623,sweep/runs/stage1_universals/traces/P12.900_A1.500_tox0.000_HS_caliente_th30_phi89_NA39_b2.0/AVG_P12.900_A1.500_tox0.000_HS_caliente_th30_phi89_NA39_b2.0.csv
12.9,1.5,0.0,HS_caliente,30.0,89.0,39,50,5.0,3.0,24.75,88,12-3,30,0,12-3_30_0_1.CSV;12-3_30_0_2.CSV;12-3_30_0_3.CSV,88,88,911.4973624092653,0.30191014597215265,0.24277440842741385,0.6426061807056372,0.7285265554469056,0.009999999999999998,88,205.4057972294833,0.14331985111263665,0.12950694491011722,0.2920885097818597,0.9339840032807487,0.009999999999999998,626.5813791751862,sweep/runs/stage1_universals/traces/P12.900_A1.500_tox0.000_HS_caliente_th30_phi89_NA39_b5.0/AVG_P12.900_A1.500_tox0.000_HS_caliente_th30_phi89_NA39_b5.0.csv
12.9,1.5,0.0,HS_caliente,30.0,89.0,39,50,10.0,3.0,24.75,88,12-3,30,0,12-3_30_0_1.CSV;12-3_30_0_2.CSV;12-3_30_0_3.CSV,88,88,911.4973624092653,0.30191014597215265,0.24277440842741385,0.6426061807056372,0.7285265554469056,0.009999999999999998,88,212.74800126533955,0.1458588362991216,0.133204902584946,0.2920885097818597,0.923498161960307,0.009999999999999998,629.7701439857483,sweep/runs/stage1_universals/traces/P12.900_A1.500_tox0.000_HS_caliente_th30_phi89_NA39_b10.0/AVG_P12.900_A1.500_tox0.000_HS_caliente_th30_phi89_NA39_b10.0.csv
12.9,1.5,0.0,HS_caliente,30.0,89.0,39,50,20.0,3.0,24.75,88,12-3,30,0,12-3_30_0_1.CSV;12-3_30_0_2.CSV;12-3_30_0_3.CSV,88,88,911.4973624092653,0.30191014597215265,0.24277440842741385,0.6426061807056372,0.7285265554469056,0.009999999999999998,88,220.32517528205963,0.14843354583181648,0.1374362163171829,0.2920885097818597,0.9141793863797089,0.009999999999999998,640.2948288917542,sweep/runs/stage1_universals/traces/P12.900_A1.500_tox0.000_HS_caliente_th30_phi89_NA39_b20.0/AVG_P12.900_A1.500_tox0.000_HS_caliente_th30_phi89_NA39_b20.0.csv
12.9,1.5,0.0,HS_caliente,30.0,89.0,39,50,30.0,3.0,24.75,88,12-3,30,0,12-3_30_0_1.CSV;12-3_30_0_2.CSV;12-3_30_0_3.CSV,88,88,911.4973624092653,0.30191014597215265,0.24277440842741385,0.6426061807056372,0.7285265554469056,0.009999999999999998,88,274.5684028093376,0.16570105696987503,0.15218629473030398,0.4152497457809379,0.871301154969972,0.009999999999999998,643.5000839233398,sweep/runs/stage1_universals/traces/P12.900_A1.500_tox0.000_HS_caliente_th30_phi89_NA39_b30.0/AVG_P12.900_A1.500_tox0.000_HS_caliente_th30_phi89_NA39_b30.0.csv
12.9,1.5,0.05,HS_caliente,30.0,89.0,39,50,1.0,3.0,24.75,88,12-3,30,0,12-3_30_0_1.CSV;12-3_30_0_2.CSV;12-3_30_0_3.CSV,88,88,920.473993737989,0.3033931432544231,0.24385729967604536,0.6466488442351737,0.7269023810837094,0.009999999999999998,88,207.72174338598379,0.14412555060987062,0.13023990409186423,0.2952112853368127,0.933382267494761,0.009999999999999998,685.519562959671,sweep/runs/stage1_universals/traces/P12.900_A1.500_tox0.050_HS_caliente_th30_phi89_NA39_b1.0/AVG_P12.900_A1.500_tox0.050_HS_caliente_th30_phi89_NA39_b1.0.csv
12.9,1.5,0.05,HS_caliente,30.0,89.0,39,50,2.0,3.0,24.75,88,12-3,30,0,12-3_30_0_1.CSV;12-3_30_0_2.CSV;12-3_30_0_3.CSV,88,88,920.473993737989,0.3033931432544231,0.24385729967604536,0.6466488442351737,0.7269023810837094,0.009999999999999998,88,207.72174338598379,0.14412555060987062,0.13023990409186423,0.2952112853368127,0.933382267494761,0.009999999999999998,687.3911616802216,sweep/runs/stage1_universals/traces/P12.900_A1.500_tox0.050_HS_caliente_th30_phi89_NA39_b2.0/AVG_P12.900_A1.500_tox0.050_HS_caliente_th30_phi89_NA39_b2.0.csv
12.9,1.5,0.05,HS_caliente,30.0,89.0,39,50,5.0,3.0,24.75,88,12-3,30,0,12-3_30_0_1.CSV;12-3_30_0_2.CSV;12-3_30_0_3.CSV,88,88,920.473993737989,0.3033931432544231,0.24385729967604536,0.6466488442351737,0.7269023810837094,0.009999999999999998,88,207.72174338598379,0.14412555060987062,0.13023990409186423,0.2952112853368127,0.933382267494761,0.009999999999999998,670.324814081192,sweep/runs/stage1_universals/traces/P12.900_A1.500_tox0.050_HS_caliente_th30_phi89_NA39_b5.0/AVG_P12.900_A1.500_tox0.050_HS_caliente_th30_phi89_NA39_b5.0.csv
12.9,1.5,0.05,HS_caliente,30.0,89.0,39,50,10.0,3.0,24.75,88,12-3,30,0,12-3_30_0_1.CSV;12-3_30_0_2.CSV;12-3_30_0_3.CSV,88,88,920.473993737989,0.3033931432544231,0.24385729967604536,0.6466488442351737,0.7269023810837094,0.009999999999999998,88,215.14559164368137,0.14667842092267064,0.13398813168615797,0.2952112853368127,0.922867284416211,0.009999999999999998,671.9654281139374,sweep/runs/stage1_universals/traces/P12.900_A1.500_tox0.050_HS_caliente_th30_phi89_NA39_b10.0/AVG_P12.900_A1.500_tox0.050_HS_caliente_th30_phi89_NA39_b10.0.csv
12.9,1.5,0.05,HS_caliente,30.0,89.0,39,50,20.0,3.0,24.75,88,12-3,30,0,12-3_30_0_1.CSV;12-3_30_0_2.CSV;12-3_30_0_3.CSV,88,88,920.473993737989,0.3033931432544231,0.24385729967604536,0.6466488442351737,0.7269023810837094,0.009999999999999998,88,222.64277213775057,0.14921218855634769,0.13817190976367663,0.2952112853368127,0.913647023614618,0.009999999999999998,656.465005159378,sweep/runs/stage1_universals/traces/P12.900_A1.500_tox0.050_HS_caliente_th30_phi89_NA39_b20.0/AVG_P12.900_A1.500_tox0.050_HS_caliente_th30_phi89_NA39_b20.0.csv
12.9,1.5,0.05,HS_caliente,30.0,89.0,39,50,30.0,3.0,24.75,88,12-3,30,0,12-3_30_0_1.CSV;12-3_30_0_2.CSV;12-3_30_0_3.CSV,88,88,920.473993737989,0.3033931432544231,0.24385729967604536,0.6466488442351737,0.7269023810837094,0.009999999999999998,88,277.67157028747556,0.16663480137338527,0.15297072204565865,0.4166225230508177,0.8702166691490643,0.009999999999999998,658.7206289768219,sweep/runs/stage1_universals/traces/P12.900_A1.500_tox0.050_HS_caliente_th30_phi89_NA39_b30.0/AVG_P12.900_A1.500_tox0.050_HS_caliente_th30_phi89_NA39_b30.0.csv
12.9,1.5,0.1,HS_caliente,30.0,89.0,39,50,1.0,3.0,24.75,88,12-3,30,0,12-3_30_0_1.CSV;12-3_30_0_2.CSV;12-3_30_0_3.CSV,88,88,944.3347323572067,0.3073002981380276,0.24708657693586317,0.6530886049727803,0.721698173280833,0.009999999999999998,88,212.00474897199703,0.14560382858015686,0.13185938364381028,0.30118752009997124,0.9324904752918545,0.009999999999999998,617.9862039089203,sweep/runs/stage1_universals/traces/P12.900_A1.500_tox0.100_HS_caliente_th30_phi89_NA39_b1.0/AVG_P12.900_A1.500_tox0.100_HS_caliente_th30_phi89_NA39_b1.0.csv
12.9,1.5,0.1,HS_caliente,30.0,89.0,39,50,2.0,3.0,24.75,88,12-3,30,0,12-3_30_0_1.CSV;12-3_30_0_2.CSV;12-3_30_0_3.CSV,88,88,944.3347323572067,0.3073002981380276,0.24708657693586317,0.6530886049727803,0.721698173280833,0.009999999999999998,88,212.00474897199703,0.14560382858015686,0.13185938364381028,0.30118752009997124,0.9324904752918545,0.009999999999999998,620.631119966507,sweep/runs/stage1_universals/traces/P12.900_A1.500_tox0.100_HS_caliente_th30_phi89_NA39_b2.0/AVG_P12.900_A1.500_tox0.100_HS_caliente_th30_phi89_NA39_b2.0.csv
12.9,1.5,0.1,HS_caliente,30.0,89.0,39,50,5.0,3.0,24.75,88,12-3,30,0,12-3_30_0_1.CSV;12-3_30_0_2.CSV;12-3_30_0_3.CSV,88,88,944.3347323572067,0.3073002981380276,0.24708657693586317,0.6530886049727803,0.721698173280833,0.009999999999999998,88,212.00474897199703,0.14560382858015686,0.13185938364381028,0.30118752009997124,0.9324904752918545,0.009999999999999998,621.1708779335022,sweep/runs/stage1_universals/traces/P12.900_A1.500_tox0.100_HS_caliente_th30_phi89_NA39_b5.0/AVG_P12.900_A1.500_tox0.100_HS_caliente_th30_phi89_NA39_b5.0.csv
12.9,1.5,0.1,HS_caliente,30.0,89.0,39,50,10.0,3.0,24.75,88,12-3,30,0,12-3_30_0_1.CSV;12-3_30_0_2.CSV;12-3_30_0_3.CSV,88,88,944.3347323572067,0.3073002981380276,0.24708657693586317,0.6530886049727803,0.721698173280833,0.009999999999999998,88,220.07113516019828,0.14834794746143212,0.13585521583670818,0.30118752009997124,0.9216074777341263,0.009999999999999998,622.3656878471375,sweep/runs/stage1_universals/traces/P12.900_A1.500_tox0.100_HS_caliente_th30_phi89_NA39_b10.0/AVG_P12.900_A1.500_tox0.100_HS_caliente_th30_phi89_NA39_b10.0.csv
12.9,1.5,0.1,HS_caliente,30.0,89.0,39,50,20.0,3.0,24.75,88,12-3,30,0,12-3_30_0_1.CSV;12-3_30_0_2.CSV;12-3_30_0_3.CSV,88,88,944.3347323572067,0.3073002981380276,0.24708657693586317,0.6530886049727803,0.721698173280833,0.009999999999999998,88,227.7887542473738,0.1509267220366804,0.14013738441271245,0.30118752009997124,0.9122087247458834,0.009999999999999998,597.4871730804443,sweep/runs/stage1_universals/traces/P12.900_A1.500_tox0.100_HS_caliente_th30_phi89_NA39_b20.0/AVG_P12.900_A1.500_tox0.100_HS_caliente_th30_phi89_NA39_b20.0.csv
12.9,1.5,0.1,HS_caliente,30.0,89.0,39,50,30.0,3.0,24.75,88,12-3,30,0,12-3_30_0_1.CSV;12-3_30_0_2.CSV;12-3_30_0_3.CSV,88,88,944.3347323572067,0.3073002981380276,0.24708657693586317,0.6530886049727803,0.721698173280833,0.009999999999999998,88,286.1709283708307,0.16916587373664663,0.15528496714000434,0.43220950869761254,0.8668603732895163,0.009999999999999998,602.2575328350067,sweep/runs/stage1_universals/traces/P12.900_A1.500_tox0.100_HS_caliente_th30_phi89_NA39_b30.0/AVG_P12.900_A1.500_tox0.100_HS_caliente_th30_phi89_NA39_b30.0.csv
12.9,1.5,0.2,HS_caliente,30.0,89.0,39,50,1.0,3.0,24.75,88,12-3,30,0,12-3_30_0_1.CSV;12-3_30_0_2.CSV;12-3_30_0_3.CSV,88,88,989.7749633740494,0.31460689175128526,0.2541346185671643,0.6551876725525515,0.7277880254143861,0.009999999999999998,88,222.30258651433124,0.14909815106644725,0.13566329512521183,0.31830484880532367,0.9306569731735003,0.009999999999999998,593.7674031257629,sweep/runs/stage1_universals/traces/P12.900_A1.500_tox0.200_HS_caliente_th30_phi89_NA39_b1.0/AVG_P12.900_A1.500_tox0.200_HS_caliente_th30_phi89_NA39_b1.0.csv
12.9,1.5,0.2,HS_caliente,30.0,89.0,39,50,2.0,3.0,24.75,88,12-3,30,0,12-3_30_0_1.CSV;12-3_30_0_2.CSV;12-3_30_0_3.CSV,88,88,989.7749633740494,0.31460689175128526,0.2541346185671643,0.6551876725525515,0.7277880254143861,0.009999999999999998,88,222.30258651433124,0.14909815106644725,0.13566329512521183,0.31830484880532367,0.9306569731735003,0.009999999999999998,594.6268537044525,sweep/runs/stage1_universals/traces/P12.900_A1.500_tox0.200_HS_caliente_th30_phi89_NA39_b2.0/AVG_P12.900_A1.500_tox0.200_HS_caliente_th30_phi89_NA39_b2.0.csv
12.9,1.5,0.2,HS_caliente,30.0,89.0,39,50,5.0,3.0,24.75,88,12-3,30,0,12-3_30_0_1.CSV;12-3_30_0_2.CSV;12-3_30_0_3.CSV,88,88,989.7749633740494,0.31460689175128526,0.2541346185671643,0.6551876725525515,0.7277880254143861,0.009999999999999998,88,222.30258651433124,0.14909815106644725,0.13566329512521183,0.31830484880532367,0.9306569731735003,0.009999999999999998,589.4552607536316,sweep/runs/stage1_universals/traces/P12.900_A1.500_tox0.200_HS_caliente_th30_phi89_NA39_b5.0/AVG_P12.900_A1.500_tox0.200_HS_caliente_th30_phi89_NA39_b5.0.csv
12.9,1.5,0.2,HS_caliente,30.0,89.0,39,50,10.0,3.0,24.75,88,12-3,30,0,12-3_30_0_1.CSV;12-3_30_0_2.CSV;12-3_30_0_3.CSV,88,88,989.7749633740494,0.31460689175128526,0.2541346185671643,0.6551876725525515,0.7277880254143861,0.009999999999999998,88,231.14126646322975,0.15203330768723997,0.13977764348364607,0.31830484880532367,0.9198000584239249,0.009999999999999998,590.3488819599152,sweep/runs/stage1_universals/traces/P12.900_A1.500_tox0.200_HS_caliente_th30_phi89_NA39_b10.0/AVG_P12.900_A1.500_tox0.200_HS_caliente_th30_phi89_NA39_b10.0.csv
12.9,1.5,0.2,HS_caliente,30.0,89.0,39,50,20.0,3.0,24.75,88,12-3,30,0,12-3_30_0_1.CSV;12-3_30_0_2.CSV;12-3_30_0_3.CSV,88,88,989.7749633740494,0.31460689175128526,0.2541346185671643,0.6551876725525515,0.7277880254143861,0.009999999999999998,88,239.51143500071836,0.15476156984236053,0.14451479034647471,0.31830484880532367,0.909753718487353,0.009999999999999998,599.4561188220978,sweep/runs/stage1_universals/traces/P12.900_A1.500_tox0.200_HS_caliente_th30_phi89_NA39_b20.0/AVG_P12.900_A1.500_tox0.200_HS_caliente_th30_phi89_NA39_b20.0.csv
12.9,1.5,0.2,HS_caliente,30.0,89.0,39,50,30.0,3.0,24.75,88,12-3,30,0,12-3_30_0_1.CSV;12-3_30_0_2.CSV;12-3_30_0_3.CSV,88,88,989.7749633740494,0.31460689175128526,0.2541346185671643,0.6551876725525515,0.7277880254143861,0.009999999999999998,88,307.05742820036227,0.17523054191560394,0.16054396735733822,0.4867534377652899,0.8595879838047881,0.009999999999999998,603.0285758972168,sweep/runs/stage1_universals/traces/P12.900_A1.500_tox0.200_HS_caliente_th30_phi89_NA39_b30.0/AVG_P12.900_A1.500_tox0.200_HS_caliente_th30_phi89_NA39_b30.0.csv
12.9,1.5,0.3,HS_caliente,30.0,89.0,39,50,1.0,3.0,24.75,88,12-3,30,0,12-3_30_0_1.CSV;12-3_30_0_2.CSV;12-3_30_0_3.CSV,88,88,984.0588435844188,0.31369712201172945,0.2553955386051627,0.6463496150948413,0.7467293628111948,0.009999999999999998,88,224.89293219876362,0.14996430648616477,0.13774701750560694,0.3226530633192985,0.9315817811908131,0.009999999999999998,600.1510946750641,sweep/runs/stage1_universals/traces/P12.900_A1.500_tox0.300_HS_caliente_th30_phi89_NA39_b1.0/AVG_P12.900_A1.500_tox0.300_HS_caliente_th30_phi89_NA39_b1.0.csv
12.9,1.5,0.3,HS_caliente,30.0,89.0,39,50,2.0,3.0,24.75,88,12-3,30,0,12-3_30_0_1.CSV;12-3_30_0_2.CSV;12-3_30_0_3.CSV,88,88,984.0588435844188,0.31369712201172945,0.2553955386051627,0.6463496150948413,0.7467293628111948,0.009999999999999998,88,224.89293219876362,0.14996430648616477,0.13774701750560694,0.3226530633192985,0.9315817811908131,0.009999999999999998,601.3058109283447,sweep/runs/stage1_universals/traces/P12.900_A1.500_tox0.300_HS_caliente_th30_phi89_NA39_b2.0/AVG_P12.900_A1.500_tox0.300_HS_caliente_th30_phi89_NA39_b2.0.csv
12.9,1.5,0.3,HS_caliente,30.0,89.0,39,50,5.0,3.0,24.75,88,12-3,30,0,12-3_30_0_1.CSV;12-3_30_0_2.CSV;12-3_30_0_3.CSV,88,88,984.0588435844188,0.31369712201172945,0.2553955386051627,0.6463496150948413,0.7467293628111948,0.009999999999999998,88,224.89293219876362,0.14996430648616477,0.13774701750560694,0.3226530633192985,0.9315817811908131,0.009999999999999998,596.31875872612,sweep/runs/stage1_universals/traces/P12.900_A1.500_tox0.300_HS_caliente_th30_phi89_NA39_b5.0/AVG_P12.900_A1.500_tox0.300_HS_caliente_th30_phi89_NA39_b5.0.csv
12.9,1.5,0.3,HS_caliente,30.0,89.0,39,50,10.0,3.0,24.75,88,12-3,30,0,12-3_30_0_1.CSV;12-3_30_0_2.CSV;12-3_30_0_3.CSV,88,88,984.0588435844188,0.31369712201172945,0.2553955386051627,0.6463496150948413,0.7467293628111948,0.009999999999999998,88,231.65338211838636,0.15220163669237802,0.14115971246501757,0.3226530633192985,0.9232800416433675,0.009999999999999998,602.5175271034241,sweep/runs/stage1_universals/traces/P12.900_A1.500_tox0.300_HS_caliente_th30_phi89_NA39_b10.0/AVG_P12.900_A1.500_tox0.300_HS_caliente_th30_phi89_NA39_b10.0.csv
12.9,1.5,0.3,HS_caliente,30.0,89.0,39,50,20.0,3.0,24.75,88,12-3,30,0,12-3_30_0_1.CSV;12-3_30_0_2.CSV;12-3_30_0_3.CSV,88,88,984.0588435844188,0.31369712201172945,0.2553955386051627,0.6463496150948413,0.7467293628111948,0.009999999999999998,88,242.90775680425003,0.155854982854014,0.1467955977675834,0.3226530633192985,0.9110310611643332,0.009999999999999998,600.9482476711273,sweep/runs/stage1_universals/traces/P12.900_A1.500_tox0.300_HS_caliente_th30_phi89_NA39_b20.0/AVG_P12.900_A1.500_tox0.300_HS_caliente_th30_phi89_NA39_b20.0.csv
12.9,1.5,0.3,HS_caliente,30.0,89.0,39,50,30.0,3.0,24.75,88,12-3,30,0,12-3_30_0_1.CSV;12-3_30_0_2.CSV;12-3_30_0_3.CSV,88,88,984.0588435844188,0.31369712201172945,0.2553955386051627,0.6463496150948413,0.7467293628111948,0.009999999999999998,88,315.4348072592923,0.1776048443199938,0.1628113175673356,0.5264254374361638,0.8573642895021572,0.009999999999999998,598.2692759037018,sweep/runs/stage1_universals/traces/P12.900_A1.500_tox0.300_HS_caliente_th30_phi89_NA39_b30.0/AVG_P12.900_A1.500_tox0.300_HS_caliente_th30_phi89_NA39_b30.0.csv
12.9,1.5,0.5,HS_caliente,30.0,89.0,39,50,1.0,3.0,24.75,88,12-3,30,0,12-3_30_0_1.CSV;12-3_30_0_2.CSV;12-3_30_0_3.CSV,88,88,874.2430778850801,0.29567601828438506,0.24237180623258184,0.6119814531458253,0.781371195780202,0.009999999999999998,88,202.04848762880036,0.1421437609002943,0.13391577635157856,0.28810565131150584,0.9398516831289863,0.009999999999999998,580.9068558216095,sweep/runs/stage1_universals/traces/P12.900_A1.500_tox0.500_HS_caliente_th30_phi89_NA39_b1.0/AVG_P12.900_A1.500_tox0.500_HS_caliente_th30_phi89_NA39_b1.0.csv
12.9,1.5,0.5,HS_caliente,30.0,89.0,39,50,2.0,3.0,24.75,88,12-3,30,0,12-3_30_0_1.CSV;12-3_30_0_2.CSV;12-3_30_0_3.CSV,88,88,874.2430778850801,0.29567601828438506,0.24237180623258184,0.6119814531458253,0.781371195780202,0.009999999999999998,88,202.04848762880036,0.1421437609002943,0.13391577635157856,0.28810565131150584,0.9398516831289863,0.009999999999999998,584.3016278743744,sweep/runs/stage1_universals/traces/P12.900_A1.500_tox0.500_HS_caliente_th30_phi89_NA39_b2.0/AVG_P12.900_A1.500_tox0.500_HS_caliente_th30_phi89_NA39_b2.0.csv
12.9,1.5,0.5,HS_caliente,30.0,89.0,39,50,5.0,3.0,24.75,88,12-3,30,0,12-3_30_0_1.CSV;12-3_30_0_2.CSV;12-3_30_0_3.CSV,88,88,874.2430778850801,0.29567601828438506,0.24237180623258184,0.6119814531458253,0.781371195780202,0.009999999999999998,88,202.04848762880036,0.1421437609002943,0.13391577635157856,0.28810565131150584,0.9398516831289863,0.009999999999999998,586.2842962741852,sweep/runs/stage1_universals/traces/P12.900_A1.500_tox0.500_HS_caliente_th30_phi89_NA39_b5.0/AVG_P12.900_A1.500_tox0.500_HS_caliente_th30_phi89_NA39_b5.0.csv
12.9,1.5,0.5,HS_caliente,30.0,89.0,39,50,10.0,3.0,24.75,88,12-3,30,0,12-3_30_0_1.CSV;12-3_30_0_2.CSV;12-3_30_0_3.CSV,88,88,874.2430778850801,0.29567601828438506,0.24237180623258184,0.6119814531458253,0.781371195780202,0.009999999999999998,88,203.55504223643428,0.1426727171663995,0.13444881576497011,0.28810565131150584,0.9383612835944639,0.009999999999999998,589.5155708789825,sweep/runs/stage1_universals/traces/P12.900_A1.500_tox0.500_HS_caliente_th30_phi89_NA39_b10.0/AVG_P12.900_A1.500_tox0.500_HS_caliente_th30_phi89_NA39_b10.0.csv
12.9,1.5,0.5,HS_caliente,30.0,89.0,39,50,20.0,3.0,24.75,88,12-3,30,0,12-3_30_0_1.CSV;12-3_30_0_2.CSV;12-3_30_0_3.CSV,88,88,874.2430778850801,0.29567601828438506,0.24237180623258184,0.6119814531458253,0.781371195780202,0.009999999999999998,88,227.32080040213438,0.15077161549911652,0.14349806996585296,0.28810565131150584,0.9157567878510192,0.009999999999999998,585.6896481513977,sweep/runs/stage1_universals/traces/P12.900_A1.500_tox0.500_HS_caliente_th30_phi89_NA39_b20.0/AVG_P12.900_A1.500_tox0.500_HS_caliente_th30_phi89_NA39_b20.0.csv
12.9,1.5,0.5,HS_caliente,30.0,89.0,39,50,30.0,3.0,24.75,88,12-3,30,0,12-3_30_0_1.CSV;12-3_30_0_2.CSV;12-3_30_0_3.CSV,88,88,874.2430778850801,0.29567601828438506,0.24237180623258184,0.6119814531458253,0.781371195780202,0.009999999999999998,88,311.97681608528916,0.17662865455109178,0.15900555663651816,0.5488576089217941,0.8526832155664652,0.009999999999999998,583.5341930389404,sweep/runs/stage1_universals/traces/P12.900_A1.500_tox0.500_HS_caliente_th30_phi89_NA39_b30.0/AVG_P12.900_A1.500_tox0.500_HS_caliente_th30_phi89_NA39_b30.0.csv
12.9,1.5,0.9,HS_caliente,30.0,89.0,39,50,1.0,3.0,24.75,88,12-3,30,0,12-3_30_0_1.CSV;12-3_30_0_2.CSV;12-3_30_0_3.CSV,88,88,759.6475347038323,0.27561704132796877,0.22988808743680658,0.5600783087205473,0.8304502728331417,0.009999999999999998,88,138.82566998769914,0.11782430563669752,0.10912701013671532,0.24859178381056962,0.9723092380597235,0.009999999999999998,586.8626799583435,sweep/runs/stage1_universals/traces/P12.900_A1.500_tox0.900_HS_caliente_th30_phi89_NA39_b1.0/AVG_P12.900_A1.500_tox0.900_HS_caliente_th30_phi89_NA39_b1.0.csv
12.9,1.5,0.9,HS_caliente,30.0,89.0,39,50,2.0,3.0,24.75,88,12-3,30,0,12-3_30_0_1.CSV;12-3_30_0_2.CSV;12-3_30_0_3.CSV,88,88,759.6475347038323,0.27561704132796877,0.22988808743680658,0.5600783087205473,0.8304502728331417,0.009999999999999998,88,138.82566998769914,0.11782430563669752,0.10912701013671532,0.24859178381056962,0.9723092380597235,0.009999999999999998,589.2153396606445,sweep/runs/stage1_universals/traces/P12.900_A1.500_tox0.900_HS_caliente_th30_phi89_NA39_b2.0/AVG_P12.900_A1.500_tox0.900_HS_caliente_th30_phi89_NA39_b2.0.csv
12.9,1.5,0.9,HS_caliente,30.0,89.0,39,50,5.0,3.0,24.75,88,12-3,30,0,12-3_30_0_1.CSV;12-3_30_0_2.CSV;12-3_30_0_3.CSV,88,88,759.6475347038323,0.27561704132796877,0.22988808743680658,0.5600783087205473,0.8304502728331417,0.009999999999999998,88,138.82566998769914,0.11782430563669752,0.10912701013671532,0.24859178381056962,0.9723092380597235,0.009999999999999998,584.2219789028168,sweep/runs/stage1_universals/traces/P12.900_A1.500_tox0.900_HS_caliente_th30_phi89_NA39_b5.0/AVG_P12.900_A1.500_tox0.900_HS_caliente_th30_phi89_NA39_b5.0.csv
12.9,1.5,0.9,HS_caliente,30.0,89.0,39,50,10.0,3.0,24.75,88,12-3,30,0,12-3_30_0_1.CSV;12-3_30_0_2.CSV;12-3_30_0_3.CSV,88,88,759.6475347038323,0.27561704132796877,0.22988808743680658,0.5600783087205473,0.8304502728331417,0.009999999999999998,88,157.6832294069167,0.12557198310408127,0.11364443188958774,0.35006732405635105,0.9580825896541635,0.009999999999999998,586.8435769081116,sweep/runs/stage1_universals/traces/P12.900_A1.500_tox0.900_HS_caliente_th30_phi89_NA39_b10.0/AVG_P12.900_A1.500_tox0.900_HS_caliente_th30_phi89_NA39_b10.0.csv
12.9,1.5,0.9,HS_caliente,30.0,89.0,39,50,20.0,3.0,24.75,88,12-3,30,0,12-3_30_0_1.CSV;12-3_30_0_2.CSV;12-3_30_0_3.CSV,88,88,759.6475347038323,0.27561704132796877,0.22988808743680658,0.5600783087205473,0.8304502728331417,0.009999999999999998,88,227.24450809355332,0.15074631275542144,0.1320416592020355,0.37537944113425403,0.9043903493117222,0.009999999999999998,605.0470767021179,sweep/runs/stage1_universals/traces/P12.900_A1.500_tox0.900_HS_caliente_th30_phi89_NA39_b20.0/AVG_P12.900_A1.500_tox0.900_HS_caliente_th30_phi89_NA39_b20.0.csv
12.9,1.5,0.9,HS_caliente,30.0,89.0,39,50,30.0,3.0,24.75,88,12-3,30,0,12-3_30_0_1.CSV;12-3_30_0_2.CSV;12-3_30_0_3.CSV,88,88,759.6475347038323,0.27561704132796877,0.22988808743680658,0.5600783087205473,0.8304502728331417,0.009999999999999998,88,321.93836447675244,0.17942640956022957,0.15002073599698446,0.47246992121090103,0.852521588395001,0.009999999999999998,595.4289350509644,sweep/runs/stage1_universals/traces/P12.900_A1.500_tox0.900_HS_caliente_th30_phi89_NA39_b30.0/AVG_P12.900_A1.500_tox0.900_HS_caliente_th30_phi89_NA39_b30.0.csv
12.9,1.5,0.0,RS_frio,30.0,89.0,39,50,1.0,3.0,24.75,88,12-3,30,0,12-3_30_0_1.CSV;12-3_30_0_2.CSV;12-3_30_0_3.CSV,88,88,911.4973624092653,0.30191014597215265,0.24277440842741385,0.6426061807056372,0.7285265554469056,0.009999999999999998,88,205.4057972294833,0.14331985111263665,0.12950694491011722,0.2920885097818597,0.9339840032807487,0.009999999999999998,627.7666728496552,sweep/runs/stage1_universals/traces/P12.900_A1.500_tox0.000_RS_frio_th30_phi89_NA39_b1.0/AVG_P12.900_A1.500_tox0.000_RS_frio_th30_phi89_NA39_b1.0.csv
12.9,1.5,0.0,RS_frio,30.0,89.0,39,50,2.0,3.0,24.75,88,12-3,30,0,12-3_30_0_1.CSV;12-3_30_0_2.CSV;12-3_30_0_3.CSV,88,88,911.4973624092653,0.30191014597215265,0.24277440842741385,0.6426061807056372,0.7285265554469056,0.009999999999999998,88,205.4057972294833,0.14331985111263665,0.12950694491011722,0.2920885097818597,0.9339840032807487,0.009999999999999998,623.5227620601654,sweep/runs/stage1_universals/traces/P12.900_A1.500_tox0.000_RS_frio_th30_phi89_NA39_b2.0/AVG_P12.900_A1.500_tox0.000_RS_frio_th30_phi89_NA39_b2.0.csv
12.9,1.5,0.0,RS_frio,30.0,89.0,39,50,5.0,3.0,24.75,88,12-3,30,0,12-3_30_0_1.CSV;12-3_30_0_2.CSV;12-3_30_0_3.CSV,88,88,911.4973624092653,0.30191014597215265,0.24277440842741385,0.6426061807056372,0.7285265554469056,0.009999999999999998,88,205.4057972294833,0.14331985111263665,0.12950694491011722,0.2920885097818597,0.9339840032807487,0.009999999999999998,628.4685130119324,sweep/runs/stage1_universals/traces/P12.900_A1.500_tox0.000_RS_frio_th30_phi89_NA39_b5.0/AVG_P12.900_A1.500_tox0.000_RS_frio_th30_phi89_NA39_b5.0.csv
12.9,1.5,0.0,RS_frio,30.0,89.0,39,50,10.0,3.0,24.75,88,12-3,30,0,12-3_30_0_1.CSV;12-3_30_0_2.CSV;12-3_30_0_3.CSV,88,88,911.4973624092653,0.30191014597215265,0.24277440842741385,0.6426061807056372,0.7285265554469056,0.009999999999999998,88,212.74800126533955,0.1458588362991216,0.133204902584946,0.2920885097818597,0.923498161960307,0.009999999999999998,629.6491858959198,sweep/runs/stage1_universals/traces/P12.900_A1.500_tox0.000_RS_frio_th30_phi89_NA39_b10.0/AVG_P12.900_A1.500_tox0.000_RS_frio_th30_phi89_NA39_b10.0.csv
12.9,1.5,0.0,RS_frio,30.0,89.0,39,50,20.0,3.0,24.75,88,12-3,30,0,12-3_30_0_1.CSV;12-3_30_0_2.CSV;12-3_30_0_3.CSV,88,88,911.4973624092653,0.30191014597215265,0.24277440842741385,0.6426061807056372,0.7285265554469056,0.009999999999999998,88,220.32517528205963,0.14843354583181648,0.1374362163171829,0.2920885097818597,0.9141793863797089,0.009999999999999998,643.2871987819672,sweep/runs/stage1_universals/traces/P12.900_A1.500_tox0.000_RS_frio_th30_phi89_NA39_b20.0/AVG_P12.900_A1.500_tox0.000_RS_frio_th30_phi89_NA39_b20.0.csv
12.9,1.5,0.0,RS_frio,30.0,89.0,39,50,30.0,3.0,24.75,88,12-3,30,0,12-3_30_0_1.CSV;12-3_30_0_2.CSV;12-3_30_0_3.CSV,88,88,911.4973624092653,0.30191014597215265,0.24277440842741385,0.6426061807056372,0.7285265554469056,0.009999999999999998,88,274.5684028093376,0.16570105696987503,0.15218629473030398,0.4152497457809379,0.871301154969972,0.009999999999999998,646.8837738037109,sweep/runs/stage1_universals/traces/P12.900_A1.500_tox0.000_RS_frio_th30_phi89_NA39_b30.0/AVG_P12.900_A1.500_tox0.000_RS_frio_th30_phi89_NA39_b30.0.csv
12.9,1.5,0.05,RS_frio,30.0,89.0,39,50,1.0,3.0,24.75,88,12-3,30,0,12-3_30_0_1.CSV;12-3_30_0_2.CSV;12-3_30_0_3.CSV,88,88,920.3491714814968,0.3033725715158667,0.24382611066652224,0.6467250783647008,0.726634350467576,0.009999999999999998,88,207.67389669158075,0.14410895069064264,0.13022366496336835,0.2951048849903077,0.9333975448721509,0.009999999999999998,686.4921400547028,sweep/runs/stage1_universals/traces/P12.900_A1.500_tox0.050_RS_frio_th30_phi89_NA39_b1.0/AVG_P12.900_A1.500_tox0.050_RS_frio_th30_phi89_NA39_b1.0.csv
12.9,1.5,0.05,RS_frio,30.0,89.0,39,50,2.0,3.0,24.75,88,12-3,30,0,12-3_30_0_1.CSV;12-3_30_0_2.CSV;12-3_30_0_3.CSV,88,88,920.3491714814968,0.3033725715158667,0.24382611066652224,0.6467250783647008,0.726634350467576,0.009999999999999998,88,207.67389669158075,0.14410895069064264,0.13022366496336835,0.2951048849903077,0.9333975448721509,0.009999999999999998,686.9627230167389,sweep/runs/stage1_universals/traces/P12.900_A1.500_tox0.050_RS_frio_th30_phi89_NA39_b2.0/AVG_P12.900_A1.500_tox0.050_RS_frio_th30_phi89_NA39_b2.0.csv
12.9,1.5,0.05,RS_frio,30.0,89.0,39,50,5.0,3.0,24.75,88,12-3,30,0,12-3_30_0_1.CSV;12-3_30_0_2.CSV;12-3_30_0_3.CSV,88,88,920.3491714814968,0.3033725715158667,0.24382611066652224,0.6467250783647008,0.726634350467576,0.009999999999999998,88,207.67389669158075,0.14410895069064264,0.13022366496336835,0.2951048849903077,0.9333975448721509,0.009999999999999998,670.3637790679932,sweep/runs/stage1_universals/traces/P12.900_A1.500_tox0.050_RS_frio_th30_phi89_NA39_b5.0/AVG_P12.900_A1.500_tox0.050_RS_frio_th30_phi89_NA39_b5.0.csv
12.9,1.5,0.05,RS_frio,30.0,89.0,39,50,10.0,3.0,24.75,88,12-3,30,0,12-3_30_0_1.CSV;12-3_30_0_2.CSV;12-3_30_0_3.CSV,88,88,920.3491714814968,0.3033725715158667,0.24382611066652224,0.6467250783647008,0.726634350467576,0.009999999999999998,88,215.1036107910074,0.14666410971706997,0.13397409589483997,0.2951048849903077,0.9228759000874899,0.009999999999999998,674.0675072669983,sweep/runs/stage1_universals/traces/P12.900_A1.500_tox0.050_RS_frio_th30_phi89_NA39_b10.0/AVG_P12.900_A1.500_tox0.050_RS_frio_th30_phi89_NA39_b10.0.csv
12.9,1.5,0.05,RS_frio,30.0,89.0,39,50,20.0,3.0,24.75,88,12-3,30,0,12-3_30_0_1.CSV;12-3_30_0_2.CSV;12-3_30_0_3.CSV,88,88,920.3491714814968,0.3033725715158667,0.24382611066652224,0.6467250783647008,0.726634350467576,0.009999999999999998,88,222.5914487170995,0.14919498943231957,0.13815456271393736,0.2951048849903077,0.9136627872975754,0.009999999999999998,659.3547918796539,sweep/runs/stage1_universals/traces/P12.900_A1.500_tox0.050_RS_frio_th30_phi89_NA39_b20.0/AVG_P12.900_A1.500_tox0.050_RS_frio_th30_phi89_NA39_b20.0.csv
12.9,1.5,0.05,RS_frio,30.0,89.0,39,50,30.0,3.0,24.75,88,12-3,30,0,12-3_30_0_1.CSV;12-3_30_0_2.CSV;12-3_30_0_3.CSV,88,88,920.3491714814968,0.3033725715158667,0.24382611066652224,0.6467250783647008,0.726634350467576,0.009999999999999998,88,277.5424632492306,0.16659605735107616,0.15293950663679787,0.4161959972126913,0.8702624713408986,0.009999999999999998,660.7351539134979,sweep/runs/stage1_universals/traces/P12.900_A1.500_tox0.050_RS_frio_th30_phi89_NA39_b30.0/AVG_P12.900_A1.500_tox0.050_RS_frio_th30_phi89_NA39_b30.0.csv
12.9,1.5,0.1,RS_frio,30.0,89.0,39,50,1.0,3.0,24.75,88,12-3,30,0,12-3_30_0_1.CSV;12-3_30_0_2.CSV;12-3_30_0_3.CSV,88,88,942.6691040948409,0.30702916866233426,0.24679343562198472,0.6536503075001961,0.7205567037993701,0.009999999999999998,88,211.69677454798995,0.1454980324774153,0.1317597844949045,0.30043215667397666,0.9325544125119992,0.009999999999999998,618.8126389980316,sweep/runs/stage1_universals/traces/P12.900_A1.500_tox0.100_RS_frio_th30_phi89_NA39_b1.0/AVG_P12.900_A1.500_tox0.100_RS_frio_th30_phi89_NA39_b1.0.csv
12.9,1.5,0.1,RS_frio,30.0,89.0,39,50,2.0,3.0,24.75,88,12-3,30,0,12-3_30_0_1.CSV;12-3_30_0_2.CSV;12-3_30_0_3.CSV,88,88,942.6691040948409,0.30702916866233426,0.24679343562198472,0.6536503075001961,0.7205567037993701,0.009999999999999998,88,211.69677454798995,0.1454980324774153,0.1317597844949045,0.30043215667397666,0.9325544125119992,0.009999999999999998,621.893491268158,sweep/runs/stage1_universals/traces/P12.900_A1.500_tox0.100_RS_frio_th30_phi89_NA39_b2.0/AVG_P12.900_A1.500_tox0.100_RS_frio_th30_phi89_NA39_b2.0.csv
12.9,1.5,0.1,RS_frio,30.0,89.0,39,50,5.0,3.0,24.75,88,12-3,30,0,12-3_30_0_1.CSV;12-3_30_0_2.CSV;12-3_30_0_3.CSV,88,88,942.6691040948409,0.30702916866233426,0.24679343562198472,0.6536503075001961,0.7205567037993701,0.009999999999999998,88,211.69677454798995,0.1454980324774153,0.1317597844949045,0.30043215667397666,0.9325544125119992,0.009999999999999998,621.3099160194397,sweep/runs/stage1_universals/traces/P12.900_A1.500_tox0.100_RS_frio_th30_phi89_NA39_b5.0/AVG_P12.900_A1.500_tox0.100_RS_frio_th30_phi89_NA39_b5.0.csv
12.9,1.5,0.1,RS_frio,30.0,89.0,39,50,10.0,3.0,24.75,88,12-3,30,0,12-3_30_0_1.CSV;12-3_30_0_2.CSV;12-3_30_0_3.CSV,88,88,942.6691040948409,0.30702916866233426,0.24679343562198472,0.6536503075001961,0.7205567037993701,0.009999999999999998,88,219.7578986361851,0.14824233492365974,0.13575456677275388,0.30043215667397666,0.9216583598956222,0.009999999999999998,624.2161982059479,sweep/runs/stage1_universals/traces/P12.900_A1.500_tox0.100_RS_frio_th30_phi89_NA39_b10.0/AVG_P12.900_A1.500_tox0.100_RS_frio_th30_phi89_NA39_b10.0.csv
12.9,1.5,0.1,RS_frio,30.0,89.0,39,50,20.0,3.0,24.75,88,12-3,30,0,12-3_30_0_1.CSV;12-3_30_0_2.CSV;12-3_30_0_3.CSV,88,88,942.6691040948409,0.30702916866233426,0.24679343562198472,0.6536503075001961,0.7205567037993701,0.009999999999999998,88,227.45951681437649,0.1508176106475555,0.1400208891378079,0.30043215667397666,0.9122758505990018,0.009999999999999998,600.9385669231415,sweep/runs/stage1_universals/traces/P12.900_A1.500_tox0.100_RS_frio_th30_phi89_NA39_b20.0/AVG_P12.900_A1.500_tox0.100_RS_frio_th30_phi89_NA39_b20.0.csv
12.9,1.5,0.1,RS_frio,30.0,89.0,39,50,30.0,3.0,24.75,88,12-3,30,0,12-3_30_0_1.CSV;12-3_30_0_2.CSV;12-3_30_0_3.CSV,88,88,942.6691040948409,0.30702916866233426,0.24679343562198472,0.6536503075001961,0.7205567037993701,0.009999999999999998,88,285.3636083937458,0.16892708734650752,0.15509080517405047,0.4293961420122917,0.8671036911230258,0.009999999999999998,602.6156868934631,sweep/runs/stage1_universals/traces/P12.900_A1.500_tox0.100_RS_frio_th30_phi89_NA39_b30.0/AVG_P12.900_A1.500_tox0.100_RS_frio_th30_phi89_NA39_b30.0.csv
12.9,1.5,0.2,RS_frio,30.0,89.0,39,50,1.0,3.0,24.75,88,12-3,30,0,12-3_30_0_1.CSV;12-3_30_0_2.CSV;12-3_30_0_3.CSV,88,88,987.1329548108125,0.3141867207268335,0.2534415340328699,0.654863529417522,0.7214815769562761,0.009999999999999998,88,221.3381677365722,0.1487743821148561,0.13543023839527768,0.31564893486942286,0.9307813411705665,0.009999999999999998,594.3981449604034,sweep/runs/stage1_universals/traces/P12.900_A1.500_tox0.200_RS_frio_th30_phi89_NA39_b1.0/AVG_P12.900_A1.500_tox0.200_RS_frio_th30_phi89_NA39_b1.0.csv
12.9,1.5,0.2,RS_frio,30.0,89.0,39,50,2.0,3.0,24.75,88,12-3,30,0,12-3_30_0_1.CSV;12-3_30_0_2.CSV;12-3_30_0_3.CSV,88,88,987.1329548108125,0.3141867207268335,0.2534415340328699,0.654863529417522,0.7214815769562761,0.009999999999999998,88,221.3381677365722,0.1487743821148561,0.13543023839527768,0.31564893486942286,0.9307813411705665,0.009999999999999998,594.9268691539764,sweep/runs/stage1_universals/traces/P12.900_A1.500_tox0.200_RS_frio_th30_phi89_NA39_b2.0/AVG_P12.900_A1.500_tox0.200_RS_frio_th30_phi89_NA39_b2.0.csv
12.9,1.5,0.2,RS_frio,30.0,89.0,39,50,5.0,3.0,24.75,88,12-3,30,0,12-3_30_0_1.CSV;12-3_30_0_2.CSV;12-3_30_0_3.CSV,88,88,987.1329548108125,0.3141867207268335,0.2534415340328699,0.654863529417522,0.7214815769562761,0.009999999999999998,88,221.3381677365722,0.1487743821148561,0.13543023839527768,0.31564893486942286,0.9307813411705665,0.009999999999999998,590.4945659637451,sweep/runs/stage1_universals/traces/P12.900_A1.500_tox0.200_RS_frio_th30_phi89_NA39_b5.0/AVG_P12.900_A1.500_tox0.200_RS_frio_th30_phi89_NA39_b5.0.csv
12.9,1.5,0.2,RS_frio,30.0,89.0,39,50,10.0,3.0,24.75,88,12-3,30,0,12-3_30_0_1.CSV;12-3_30_0_2.CSV;12-3_30_0_3.CSV,88,88,987.1329548108125,0.3141867207268335,0.2534415340328699,0.654863529417522,0.7214815769562761,0.009999999999999998,88,230.26733594830594,0.15174562133659933,0.13957665059442093,0.31564893486942286,0.9197921872550291,0.009999999999999998,591.8045942783356,sweep/runs/stage1_universals/traces/P12.900_A1.500_tox0.200_RS_frio_th30_phi89_NA39_b10.0/AVG_P12.900_A1.500_tox0.200_RS_frio_th30_phi89_NA39_b10.0.csv
12.9,1.5,0.2,RS_frio,30.0,89.0,39,50,20.0,3.0,24.75,88,12-3,30,0,12-3_30_0_1.CSV;12-3_30_0_2.CSV;12-3_30_0_3.CSV,88,88,987.1329548108125,0.3141867207268335,0.2534415340328699,0.654863529417522,0.7214815769562761,0.009999999999999998,88,238.60331563906203,0.15446789816627338,0.14426089914897108,0.31564893486942286,0.9097758080458112,0.009999999999999998,601.0722098350525,sweep/runs/stage1_universals/traces/P12.900_A1.500_tox0.200_RS_frio_th30_phi89_NA39_b20.0/AVG_P12.900_A1.500_tox0.200_RS_frio_th30_phi89_NA39_b20.0.csv
12.9,1.5,0.2,RS_frio,30.0,89.0,39,50,30.0,3.0,24.75,88,12-3,30,0,12-3_30_0_1.CSV;12-3_30_0_2.CSV;12-3_30_0_3.CSV,88,88,987.1329548108125,0.3141867207268335,0.2534415340328699,0.654863529417522,0.7214815769562761,0.009999999999999998,88,304.78975131689634,0.17458228756574834,0.1600765497897987,0.47730594707031104,0.8600300712640785,0.009999999999999998,606.2442598342896,sweep/runs/stage1_universals/traces/P12.900_A1.500_tox0.200_RS_frio_th30_phi89_NA39_b30.0/AVG_P12.900_A1.500_tox0.200_RS_frio_th30_phi89_NA39_b30.0.csv
12.9,1.5,0.3,RS_frio,30.0,89.0,39,50,1.0,3.0,24.75,88,12-3,30,0,12-3_30_0_1.CSV;12-3_30_0_2.CSV;12-3_30_0_3.CSV,88,88,989.9830271729211,0.3146399572802096,0.2552397473500012,0.6497916417610657,0.7351095541297961,0.009999999999999998,88,224.9224513851116,0.1499741482339912,0.13751136499315067,0.3209921347661517,0.9311711936662693,0.009999999999999998,600.1726121902466,sweep/runs/stage1_universals/traces/P12.900_A1.500_tox0.300_RS_frio_th30_phi89_NA39_b1.0/AVG_P12.900_A1.500_tox0.300_RS_frio_th30_phi89_NA39_b1.0.csv
12.9,1.5,0.3,RS_frio,30.0,89.0,39,50,2.0,3.0,24.75,88,12-3,30,0,12-3_30_0_1.CSV;12-3_30_0_2.CSV;12-3_30_0_3.CSV,88,88,989.9830271729211,0.3146399572802096,0.2552397473500012,0.6497916417610657,0.7351095541297961,0.009999999999999998,88,224.9224513851116,0.1499741482339912,0.13751136499315067,0.3209921347661517,0.9311711936662693,0.009999999999999998,601.5250692367554,sweep/runs/stage1_universals/traces/P12.900_A1.500_tox0.300_RS_frio_th30_phi89_NA39_b2.0/AVG_P12.900_A1.500_tox0.300_RS_frio_th30_phi89_NA39_b2.0.csv
12.9,1.5,0.3,RS_frio,30.0,89.0,39,50,5.0,3.0,24.75,88,12-3,30,0,12-3_30_0_1.CSV;12-3_30_0_2.CSV;12-3_30_0_3.CSV,88,88,989.9830271729211,0.3146399572802096,0.2552397473500012,0.6497916417610657,0.7351095541297961,0.009999999999999998,88,224.9224513851116,0.1499741482339912,0.13751136499315067,0.3209921347661517,0.9311711936662693,0.009999999999999998,601.9847130775452,sweep/runs/stage1_universals/traces/P12.900_A1.500_tox0.300_RS_frio_th30_phi89_NA39_b5.0/AVG_P12.900_A1.500_tox0.300_RS_frio_th30_phi89_NA39_b5.0.csv
12.9,1.5,0.3,RS_frio,30.0,89.0,39,50,10.0,3.0,24.75,88,12-3,30,0,12-3_30_0_1.CSV;12-3_30_0_2.CSV;12-3_30_0_3.CSV,88,88,989.9830271729211,0.3146399572802096,0.2552397473500012,0.6497916417610657,0.7351095541297961,0.009999999999999998,88,232.3453801568815,0.15242879654346206,0.14113656976623354,0.3209921347661517,0.9222027472189696,0.009999999999999998,604.3601009845734,sweep/runs/stage1_universals/traces/P12.900_A1.500_tox0.300_RS_frio_th30_phi89_NA39_b10.0/AVG_P12.900_A1.500_tox0.300_RS_frio_th30_phi89_NA39_b10.0.csv
12.9,1.5,0.3,RS_frio,30.0,89.0,39,50,20.0,3.0,24.75,88,12-3,30,0,12-3_30_0_1.CSV;12-3_30_0_2.CSV;12-3_30_0_3.CSV,88,88,989.9830271729211,0.3146399572802096,0.2552397473500012,0.6497916417610657,0.7351095541297961,0.009999999999999998,88,243.24003008895704,0.15596154336533,0.14666152642474597,0.3209921347661517,0.910171622859702,0.009999999999999998,597.4534242153168,sweep/runs/stage1_universals/traces/P12.900_A1.500_tox0.300_RS_frio_th30_phi89_NA39_b20.0/AVG_P12.900_A1.500_tox0.300_RS_frio_th30_phi89_NA39_b20.0.csv
12.9,1.5,0.3,RS_frio,30.0,89.0,39,50,30.0,3.0,24.75,88,12-3,30,0,12-3_30_0_1.CSV;12-3_30_0_2.CSV;12-3_30_0_3.CSV,88,88,989.9830271729211,0.3146399572802096,0.2552397473500012,0.6497916417610657,0.7351095541297961,0.009999999999999998,88,314.3700324459687,0.17730483141921674,0.1624949393604633,0.5165770218179827,0.8569362637153837,0.009999999999999998,597.3037109375,sweep/runs/stage1_universals/traces/P12.900_A1.500_tox0.300_RS_frio_th30_phi89_NA39_b30.0/AVG_P12.900_A1.500_tox0.300_RS_frio_th30_phi89_NA39_b30.0.csv
12.9,1.5,0.5,RS_frio,30.0,89.0,39,50,1.0,3.0,24.75,88,12-3,30,0,12-3_30_0_1.CSV;12-3_30_0_2.CSV;12-3_30_0_3.CSV,88,88,902.4187177155641,0.3004028491402111,0.2452487208108158,0.6221496129640712,0.7598440210561792,0.009999999999999998,88,205.91752152440858,0.14349826532903057,0.13501159019014264,0.2929991161696734,0.9379326281975512,0.009999999999999998,582.5043480396271,sweep/runs/stage1_universals/traces/P12.900_A1.500_tox0.500_RS_frio_th30_phi89_NA39_b1.0/AVG_P12.900_A1.500_tox0.500_RS_frio_th30_phi89_NA39_b1.0.csv
12.9,1.5,0.5,RS_frio,30.0,89.0,39,50,2.0,3.0,24.75,88,12-3,30,0,12-3_30_0_1.CSV;12-3_30_0_2.CSV;12-3_30_0_3.CSV,88,88,902.4187177155641,0.3004028491402111,0.2452487208108158,0.6221496129640712,0.7598440210561792,0.009999999999999998,88,205.91752152440858,0.14349826532903057,0.13501159019014264,0.2929991161696734,0.9379326281975512,0.009999999999999998,584.1675930023193,sweep/runs/stage1_universals/traces/P12.900_A1.500_tox0.500_RS_frio_th30_phi89_NA39_b2.0/AVG_P12.900_A1.500_tox0.500_RS_frio_th30_phi89_NA39_b2.0.csv
12.9,1.5,0.5,RS_frio,30.0,89.0,39,50,5.0,3.0,24.75,88,12-3,30,0,12-3_30_0_1.CSV;12-3_30_0_2.CSV;12-3_30_0_3.CSV,88,88,902.4187177155641,0.3004028491402111,0.2452487208108158,0.6221496129640712,0.7598440210561792,0.009999999999999998,88,205.91752152440858,0.14349826532903057,0.13501159019014264,0.2929991161696734,0.9379326281975512,0.009999999999999998,588.2364740371704,sweep/runs/stage1_universals/traces/P12.900_A1.500_tox0.500_RS_frio_th30_phi89_NA39_b5.0/AVG_P12.900_A1.500_tox0.500_RS_frio_th30_phi89_NA39_b5.0.csv
12.9,1.5,0.5,RS_frio,30.0,89.0,39,50,10.0,3.0,24.75,88,12-3,30,0,12-3_30_0_1.CSV;12-3_30_0_2.CSV;12-3_30_0_3.CSV,88,88,902.4187177155641,0.3004028491402111,0.2452487208108158,0.6221496129640712,0.7598440210561792,0.009999999999999998,88,208.21191920583897,0.1442955020802239,0.1358910558614611,0.2929991161696734,0.9355462585013344,0.009999999999999998,591.9800221920013,sweep/runs/stage1_universals/traces/P12.900_A1.500_tox0.500_RS_frio_th30_phi89_NA39_b10.0/AVG_P12.900_A1.500_tox0.500_RS_frio_th30_phi89_NA39_b10.0.csv
12.9,1.5,0.5,RS_frio,30.0,89.0,39,50,20.0,3.0,24.75,88,12-3,30,0,12-3_30_0_1.CSV;12-3_30_0_2.CSV;12-3_30_0_3.CSV,88,88,902.4187177155641,0.3004028491402111,0.2452487208108158,0.6221496129640712,0.7598440210561792,0.009999999999999998,88,231.08938707566065,0.15201624488049317,0.14451629006154218,0.2929991161696734,0.9139173032517895,0.009999999999999998,582.9817600250244,sweep/runs/stage1_universals/traces/P12.900_A1.500_tox0.500_RS_frio_th30_phi89_NA39_b20.0/AVG_P12.900_A1.500_tox0.500_RS_frio_th30_phi89_NA39_b20.0.csv
12.9,1.5,0.5,RS_frio,30.0,89.0,39,50,30.0,3.0,24.75,88,12-3,30,0,12-3_30_0_1.CSV;12-3_30_0_2.CSV;12-3_30_0_3.CSV,88,88,902.4187177155641,0.3004028491402111,0.2452487208108158,0.6221496129640712,0.7598440210561792,0.009999999999999998,88,312.7333915383904,0.176842696071506,0.15979034278216656,0.547162971858384,0.8522273844929409,0.009999999999999998,584.7223479747772,sweep/runs/stage1_universals/traces/P12.900_A1.500_tox0.500_RS_frio_th30_phi89_NA39_b30.0/AVG_P12.900_A1.500_tox0.500_RS_frio_th30_phi89_NA39_b30.0.csv
12.9,1.5,0.9,RS_frio,30.0,89.0,39,50,1.0,3.0,24.75,88,12-3,30,0,12-3_30_0_1.CSV;12-3_30_0_2.CSV;12-3_30_0_3.CSV,88,88,796.6488394444751,0.2822496836923782,0.2354497852957411,0.5544969479569845,0.8127719355203266,0.009999999999999998,88,153.81064575706623,0.12402041999488077,0.11664625250770905,0.2718936549000885,0.9649317821485035,0.009999999999999998,588.0131430625916,sweep/runs/stage1_universals/traces/P12.900_A1.500_tox0.900_RS_frio_th30_phi89_NA39_b1.0/AVG_P12.900_A1.500_tox0.900_RS_frio_th30_phi89_NA39_b1.0.csv
12.9,1.5,0.9,RS_frio,30.0,89.0,39,50,2.0,3.0,24.75,88,12-3,30,0,12-3_30_0_1.CSV;12-3_30_0_2.CSV;12-3_30_0_3.CSV,88,88,796.6488394444751,0.2822496836923782,0.2354497852957411,0.5544969479569845,0.8127719355203266,0.009999999999999998,88,153.81064575706623,0.12402041999488077,0.11664625250770905,0.2718936549000885,0.9649317821485035,0.009999999999999998,589.4965100288391,sweep/runs/stage1_universals/traces/P12.900_A1.500_tox0.900_RS_frio_th30_phi89_NA39_b2.0/AVG_P12.900_A1.500_tox0.900_RS_frio_th30_phi89_NA39_b2.0.csv
12.9,1.5,0.9,RS_frio,30.0,89.0,39,50,5.0,3.0,24.75,88,12-3,30,0,12-3_30_0_1.CSV;12-3_30_0_2.CSV;12-3_30_0_3.CSV,88,88,796.6488394444751,0.2822496836923782,0.2354497852957411,0.5544969479569845,0.8127719355203266,0.009999999999999998,88,153.81064575706623,0.12402041999488077,0.11664625250770905,0.2718936549000885,0.9649317821485035,0.009999999999999998,584.694365978241,sweep/runs/stage1_universals/traces/P12.900_A1.500_tox0.900_RS_frio_th30_phi89_NA39_b5.0/AVG_P12.900_A1.500_tox0.900_RS_frio_th30_phi89_NA39_b5.0.csv
12.9,1.5,0.9,RS_frio,30.0,89.0,39,50,10.0,3.0,24.75,88,12-3,30,0,12-3_30_0_1.CSV;12-3_30_0_2.CSV;12-3_30_0_3.CSV,88,88,796.6488394444751,0.2822496836923782,0.2354497852957411,0.5544969479569845,0.8127719355203266,0.009999999999999998,88,172.22137753516188,0.1312331427403771,0.12070252356177863,0.33711683924370656,0.9512718213397147,0.009999999999999998,588.115434885025,sweep/runs/stage1_universals/traces/P12.900_A1.500_tox0.900_RS_frio_th30_phi89_NA39_b10.0/AVG_P12.900_A1.500_tox0.900_RS_frio_th30_phi89_NA39_b10.0.csv
12.9,1.5,0.9,RS_frio,30.0,89.0,39,50,20.0,3.0,24.75,88,12-3,30,0,12-3_30_0_1.CSV;12-3_30_0_2.CSV;12-3_30_0_3.CSV,88,88,796.6488394444751,0.2822496836923782,0.2354497852957411,0.5544969479569845,0.8127719355203266,0.009999999999999998,88,237.37882944967652,0.15407103214091755,0.13780035639354532,0.356352256853413,0.8985661630050934,0.009999999999999998,601.0573682785034,sweep/runs/stage1_universals/traces/P12.900_A1.500_tox0.900_RS_frio_th30_phi89_NA39_b20.0/AVG_P12.900_A1.500_tox0.900_RS_frio_th30_phi89_NA39_b20.0.csv
12.9,1.5,0.9,RS_frio,30.0,89.0,39,50,30.0,3.0,24.75,88,12-3,30,0,12-3_30_0_1.CSV;12-3_30_0_2.CSV;12-3_30_0_3.CSV,88,88,796.6488394444751,0.2822496836923782,0.2354497852957411,0.5544969479569845,0.8127719355203266,0.009999999999999998,88,342.9152768848396,0.18517971727077445,0.1564325994804381,0.5101830957069199,0.8365671955438233,0.009999999999999998,587.3826642036438,sweep/runs/stage1_universals/traces/P12.900_A1.500_tox0.900_RS_frio_th30_phi89_NA39_b30.0/AVG_P12.900_A1.500_tox0.900_RS_frio_th30_phi89_NA39_b30.0.csv
