lambda_um,n,k
3.0,2.1833869092869045,0.0008754444444444452
3.1105527638190953,2.1829929542022826,0.0010416480252426526
3.221105527638191,2.1826391083466423,0.0012069224885064064
3.3316582914572863,2.182320098975611,0.0013703517286250862
3.442211055276382,2.182031493207462,0.001531262739623849
3.5527638190954773,2.181769542276142,0.0016891688870038753
3.6633165829145726,2.181531058503608,0.0018437267711749763
3.7738693467336684,2.1813133173574215,0.0019947032345687334
3.884422110552764,2.181113978908333,0.002141949995732426
3.9949748743718594,2.1809310244134066,0.0022853840575926595
4.105527638190955,2.1807627047822074,0.0024249725149028687
4.21608040201005,2.180607498445716,0.0025607207328663313
4.326633165829145,2.1804640767156878,0.0026926631229926045
4.437185929648241,2.1803312751491357,0.0028208559297360886
4.547738693467337,2.1802080697561816,0.002945371580843077
4.658291457286432,2.1800935571365394,0.0030662942586599557
4.768844221105528,2.179986937819898,0.0031837164282518026
4.8793969849246235,2.1798875022325603,0.003297736117754745
4.989949748743719,2.17979461882735,0.003408454791800409
5.100502512562814,2.179707724003686,0.003515975693659152
5.211055276381909,2.179626313515625,0.003620402558563619
5.321608040201005,2.1795499351219054,0.0037218386214300557
5.432160804020101,2.1794781822768674,0.0038203858583334563
5.542713567839196,2.179410688697046,0.003916144413694129
5.653266331658291,2.1793471236671786,0.0040092121750123465
5.763819095477388,2.1792871879727724,0.004099684464761188
5.874371859296483,2.1792306103653982,0.004187653825185997
5.984924623115578,2.179177144482403,0.004273209876621542
6.0954773869346734,2.179126566155459,0.004356439233801991
6.206030150753769,2.1790786710528236,0.004437425467717878
6.316582914572864,2.1790332726088257,0.004516249103034146
6.42713567839196,2.1789902002012687,0.004592987643053329
6.5376884422110555,2.178949297543374,0.004667715615788955
6.648241206030151,2.1789104212618775,0.004740504635985578
6.758793969849247,2.1788734396370453,0.004811423478945842
6.869346733668342,2.17883823148386,0.004880538162851069
6.9798994974874375,2.178804685156589,0.004947912036929055
7.090452261306533,2.1787726976614183,0.005013605873362128
7.201005025125628,2.178742173863938,0.00507767796126495
7.311557788944724,2.1787130257800777,0.0051401842014147225
7.42211055276382,2.178685171940585,0.005201178200702352
7.532663316582915,2.178658536820455,0.005260711365504511
7.64321608040201,2.17863305032584,0.005318832993363566
7.7537688442211055,2.178608647331903,0.005375590362513541
7.864321608040202,2.1785852672659223,0.005431028818912106
7.974874371859297,2.1785628537306496,0.005485191860536679
8.085427135678392,2.1785413541635354,0.0055381212187813975
8.195979899497488,2.178520719527977,0.005589856936854574
8.306532663316583,2.1785009040331866,0.00564043744512626
8.417085427135678,2.178481864879694,0.005689899633415015
8.527638190954775,2.1784635620278348,0.005738278920233947
8.638190954773869,2.178445957986874,0.005785609319040082
8.748743718592966,2.1784290176227037,0.005831923501549448
8.859296482412061,2.1784127079822544,0.005877252858194005
8.969849246231156,2.1783969981329863,0.005921627555806637
9.080402010050252,2.178381859015997,0.005965076592627393
9.190954773869347,2.1783672633114417,0.006007627850728841
9.301507537688442,2.1783531853151006,0.006049308145961081
9.412060301507537,2.178339600825045,0.00609014327551809
9.522613065326635,2.178326487037477,0.006130158063227074
9.633165829145728,2.178313822450901,0.006169376402661414
9.743718592964825,2.1783015867778657,0.006207821298176115
9.85427135678392,2.1782897608636165,0.006245514903962299
9.964824120603016,2.1782783266110304,0.006282478561214602
10.075376884422111,2.1782672669112952,0.00631873283350228
10.185929648241206,2.1782565655798343,0.006354297540431604
10.296482412060302,2.178246207297023,0.00638919178968374
10.407035175879397,2.178236177553298,0.006423434007508905
10.517587939698494,2.1782264625982894,0.006457041967754094
10.628140703517587,2.1782170493936373,0.006490032819498236
10.738693467336685,2.178207925569199,0.006522423113365271
10.84924623115578,2.178199079382364,0.0065542288265822216
10.959798994974875,2.1781904996802353,0.006585465386846218
11.07035175879397,2.178182175864435,0.006616147695061145
11.180904522613066,2.178174097858346,0.006646290147001642
11.291457286432161,2.1781662560765835,0.006675906653959223
11.402010050251256,2.178158641396532,0.006705010662422468
11.512562814070352,2.17815124513179,0.0067336151728405675
11.623115577889449,2.178144059007373,0.006761732757516913
11.733668341708544,2.178137075136547,0.006789375577677004
11.84422110552764,2.1781302859991736,0.006816555399752568
11.954773869346734,2.1781236844214416,0.006843283610921612
12.06532663316583,2.1781172635569073,0.006869571233941987
12.175879396984925,2.178111016868722,0.006895428941314058
12.28643216080402,2.1781049381129858,0.00692086706880617
12.396984924623116,2.178099021323129,0.006945895628374808
12.507537688442211,2.178093260795262,0.00697052432050964
12.618090452261308,2.1780876510744136,0.006994762546032028
12.728643216080403,2.178082186941612,0.007018619417374042
12.839195979899499,2.178076863401733,0.007042103769363629
12.949748743718594,2.178071675672078,0.007065224169540136
13.06030150753769,2.178066619171623,0.007087988928023195
13.170854271356784,2.178061689510898,0.007110406106956681
13.28140703517588,2.1780568824824558,0.007132483529548352
13.391959798994975,2.1780521940518844,0.0071542287887246606
13.50251256281407,2.178047620349341,0.0071756492554192405
13.613065326633166,2.178043157661559,0.0071967520865125496
13.723618090452263,2.1780388024243043,0.007217544232439273
13.834170854271358,2.1780345512152572,0.007238032444479219
13.944723618090453,2.178030400747284,0.007258223281746612
14.055276381909549,2.1780263478620765,0.007278123117891904
14.165829145728644,2.178022389524145,0.007297738147529541
14.27638190954774,2.1780185228151256,0.007317074392404378
14.386934673366834,2.178014744928401,0.007336137707308819
14.49748743718593,2.1780110531640036,0.00735493378576213
14.608040201005025,2.17800744492379,0.007373468165462796
14.718592964824122,2.178003917706865,0.0073917462335242375
14.829145728643217,2.178000469105248,0.007409773231503695
14.939698492462313,2.177997096799758,0.00742755426023357
15.050251256281408,2.177993798556116,0.0074450942844640905
15.160804020100503,2.1779905722212396,0.007462398137325678
15.271356783919598,2.177987415719728,0.007479470524619023
15.381909547738694,2.177984327050522,0.007496316028940456
15.492462311557789,2.177981304283734,0.007512939113649829
15.603015075376884,2.1779783455576283,0.007529344126687775
15.713567839195981,2.177975449075753,0.007545535304248901
15.824120603015077,2.1779726131042145,0.0075615167743171
15.934673366834172,2.1779698359690802,0.007577292560068924
16.04522613065327,2.1779671160539054,0.007592866583150643
16.155778894472363,2.1779644517973837,0.007608242666834362
16.266331658291456,2.177961841691101,0.007623424539058303
16.376884422110553,2.177959284277403,0.0076384158353561184
16.48743718592965,2.177956778147358,0.007653220101679886
16.597989949748744,2.177954321938815,0.007667840797121197
16.70854271356784,2.1779519143345514,0.0076822812965345695
16.819095477386938,2.177949554060509,0.007696544893067197
16.92964824120603,2.177947239884104,0.007710634800598864
17.040201005025125,2.177944970612621,0.00772455415609571
17.150753768844222,2.177942745091672,0.007738306021881315
17.26130653266332,2.17794056220373,0.007751893387828439
17.371859296482413,2.177938420866724,0.007765319173474621
17.482412060301506,2.177936320032699,0.007778586230064657
17.592964824120603,2.1779342586865322,0.0077916973425228575
17.7035175879397,2.177932235844708,0.007804655231357878
17.814070351758794,2.177930250554141,0.007817462554502757
17.92462311557789,2.1779283018910554,0.007830121909092703
18.035175879396988,2.177926388959911,0.007842635833183047
18.14572864321608,2.177924510892371,0.00785500680740968
18.256281407035175,2.1779226668463183,0.007867237256594196
18.366834170854272,2.1779208560049104,0.007879329551295847
18.47738693467337,2.177919077575675,0.007891286009312347
18.587939698492463,2.177917330789642,0.007903108897131474
18.69849246231156,2.1779156149005114,0.007914800431335302
18.809045226130657,2.177913929183859,0.007926362779958871
18.91959798994975,2.1779122729363674,0.007937798063804983
19.030150753768844,2.1779106454750945,0.007949108357716757
19.14070351758794,2.1779090461367696,0.007960295691809501
19.251256281407038,2.177907474277115,0.007971362052663427
19.36180904522613,2.177905929270201,0.007982309384478603
19.47236180904523,2.1779044105078182,0.007993139590193548
19.582914572864322,2.1779029173988804,0.008003854532568792
19.69346733668342,2.177901449368851,0.008014456035236636
19.804020100502512,2.1779000058591875,0.008024945883718366
19.91457286432161,2.1778985863268123,0.008035325826410065
20.025125628140703,2.1778971902435997,0.008045597575538129
20.1356783919598,2.177895817095886,0.008055762808085601
20.246231155778897,2.1778944663839965,0.008065823166690292
20.35678391959799,2.1778931376217905,0.008075780260515749
20.467336683417088,2.1778918303362245,0.00808563566609596
20.57788944723618,2.1778905440669294,0.008095390928154738
20.68844221105528,2.1778892783658073,0.008105047560400666
20.798994974874372,2.177888032796639,0.008114607046298416
20.90954773869347,2.1778868069347106,0.008124070839817277
21.020100502512562,2.1778856003664493,0.008133440366157683
21.13065326633166,2.177884412689073,0.008142717022456421
21.241206030150757,2.177883243510259,0.00815190217847135
21.35175879396985,2.177882092447815,0.008160997177246197
21.462311557788947,2.17788095912937,0.008170003335756204
21.57286432160804,2.177879843192071,0.008178921945535203
21.683417085427138,2.1778787442822933,0.008187754273284737
21.79396984924623,2.17787766205536,0.008196501561465869
21.90452261306533,2.1778765961752726,0.008205165028874186
22.015075376884422,2.1778755463144486,0.0082137458711986
22.12562814070352,2.177874512153471,0.008222245261564431
22.236180904522616,2.177873493380845,0.008230664351061318
22.34673366834171,2.1778724896927626,0.008239004269256443
22.457286432160807,2.1778715007928775,0.008247266124693514
22.5678391959799,2.1778705263920846,0.008255451005377985
22.678391959798997,2.1778695662083103,0.008263559979248958
22.78894472361809,2.1778686199663064,0.008271594094638176
22.899497487437188,2.177867687397456,0.008279554380716519
23.01005025125628,2.1778667682395785,0.008287441847928394
23.12060301507538,2.177865862236749,0.00829525748841442
23.231155778894475,2.1778649691391174,0.00830300227642272
23.34170854271357,2.1778640887027385,0.00831067716870925
23.452261306532666,2.1778632206894044,0.008318283104927444
23.56281407035176,2.177862364866482,0.008325821008007515
23.673366834170857,2.177861521006759,0.008333291784525763
23.78391959798995,2.1778606888882925,0.008340696325064153
23.894472361809047,2.177859868294262,0.008348035504560479
24.00502512562814,2.17785905901283,0.008355310182649409
24.115577889447238,2.177858260837004,0.008362521203994668
24.22613065326633,2.177857473564504,0.008369669398612627
24.33668341708543,2.177856696997635,0.008376755582187565
24.447236180904525,2.1778559309431627,0.008383780556378858
24.55778894472362,2.1778551752121924,0.008390745109120303
24.668341708542716,2.1778544296200546,0.008397650014911853
24.77889447236181,2.177853693986189,0.008404496035103943
24.889447236180906,2.1778529681340393,0.008411283918174675
25.0,2.1778522518909424,0.0084180144
